,Gold,Oil,Wheat,Copper,VIX_score,fear_composite,stress_index,regime,regime_label
2014-01-01,4.921171829608063,90.48549921338324,28.524350054924938,25.930493932167344,20.21348962011187,2.7667073735366263,23.905832370563548,0,Elevated stress
2014-02-01,7.146375795222831,96.35296165900178,34.859025997803,26.334084173620674,10.197591871671264,3.422840794647005,22.43061558542003,0,Elevated stress
2014-03-01,6.106305685644877,95.19097997033819,49.24935920908092,22.029148326657157,9.925050686825273,3.633502817736565,21.588713875827143,0,Elevated stress
2014-04-01,6.440221594912714,93.07408636093464,51.556206517759065,21.647983329089733,8.857596088371537,4.684454851643265,21.242348145453988,0,Elevated stress
2014-05-01,5.071708292836455,96.49102280010095,38.99670450384474,24.03587354771154,4.2925263687803685,2.573781743308167,19.82278577981474,0,Elevated stress
2014-06-01,5.071708292836455,96.49102280010095,38.99670450384474,24.03587354771154,4.678626922136733,0.6451612903225806,19.456460832575253,0,Elevated stress
2014-07-01,6.048828795177059,91.26782812463176,24.789454412303186,25.986549023320485,16.897570788169897,0.8556394417753372,22.78177597695703,0,Elevated stress
2014-08-01,6.171994992363921,88.72526135744673,27.71878432808495,24.013453649533368,5.859640889100827,0.6428734843285288,18.86314420485551,0,Elevated stress
2014-09-01,4.1110126229983095,83.20294737583109,17.09996338337605,21.109868352859685,15.44401347039501,1.500800732097918,20.422035690403273,0,Elevated stress
2014-10-01,3.032623472742827,70.98481287949201,25.119004027828638,22.35426357877919,10.265726626391562,3.815371601449274,17.523233872630072,0,Elevated stress
2014-11-01,3.1448408952936973,54.42936066912912,31.673379714390336,17.847532611089015,8.67590196514088,2.7601269831001267,13.870927875854305,2,Calm market
2014-12-01,3.382964214513123,39.611136124519575,33.50421091175393,17.365472726012122,22.007722877453045,3.1836541195453476,15.753040927304022,2,Calm market
2015-01-01,5.972190713822016,33.82420715016973,20.76162577810325,10.403591845165636,26.027705895422617,3.2013905124064492,15.917087796534823,2,Calm market
2015-02-01,5.972190713822016,33.82420715016973,20.76162577810325,10.403591845165636,8.698614272035908,3.6267385556632634,10.824697320333016,2,Calm market
2015-03-01,5.972190713822016,33.82420715016973,20.76162577810325,10.403591845165636,13.127412316221676,4.2609277151980445,12.311884023472441,2,Calm market
2015-04-01,3.341908815450836,46.92820983046409,15.525448553643358,18.441702678472204,11.44674059335566,3.6267385556632634,13.892490322429515,2,Calm market
2015-05-01,3.5335006777415146,47.69903145224844,16.990113511534233,15.594172472951655,9.834203625209941,3.207787031206145,13.173179946045252,2,Calm market
2015-06-01,3.043572247378826,46.74413269774356,37.165873306481146,12.544847146704448,19.804676759860474,1.4876399512249194,15.188132084572116,2,Calm market
2015-07-01,0.947010536817384,32.53566283238105,20.248993042841448,6.8049362478915825,5.927775643821125,4.270262810811055,8.596143552858893,2,Calm market
2015-08-01,1.951497964102586,34.92866994649285,17.79567923837422,6.143501140266196,42.97070129738259,13.67055102719505,22.552798344834606,2,Calm market
2015-09-01,1.5108373490534177,30.200183388099745,22.22629073599414,6.311661068017862,34.04496828832595,4.904084227072229,16.90287262809327,2,Calm market
2015-10-01,2.22246426613307,31.925908153134017,23.581105822043213,5.594170869239335,12.62775239435496,2.5714939373141155,10.223995365755666,2,Calm market
2015-11-01,2.22246426613307,31.925908153134017,23.581105822043213,5.594170869239335,15.035200610143622,2.5539414160898177,10.94184170018619,2,Calm market
2015-12-01,0.0,20.93879469349816,15.964848041010612,1.3789253064039357,19.759252146070413,2.76031085473693,9.896565092170473,2,Calm market
2016-01-01,1.5354712567101743,17.00413994707261,17.319663127059684,0.0,24.27890158380111,10.191746348788225,12.689322305740314,2,Calm market
2016-02-01,4.751477516589382,17.153703988890854,12.30318564628341,1.446190346646155,25.073810665479254,5.7530441225022155,12.628374366585449,2,Calm market
2016-03-01,4.75968659174368,22.43442194544553,16.47748077627243,2.6345304814125186,10.084032503160898,3.8485565811774256,8.567902554549443,2,Calm market
2016-04-01,6.265051224027566,31.155082142604627,17.136580007323317,4.8206309250153865,14.058595239270016,4.052454342193683,11.639027816027172,2,Calm market
2016-05-01,6.265051224027566,31.155082142604627,17.136580007323317,4.8206309250153865,10.629114872852885,3.194527094424295,10.395701894159684,2,Calm market
2016-06-01,7.064264997098256,33.927750811621586,10.28927132918345,2.9260105405595667,13.899613422934383,4.2479508059618505,12.026488403589623,2,Calm market
2016-07-01,7.9017944697495395,26.18499517040552,6.847308678139875,3.5089706588536558,5.359980967234108,1.2593262510022085,7.781831088316886,2,Calm market
2016-08-01,6.7495069376207155,29.751495651390037,0.0,0.12332013139536002,8.880308395266564,0.8403747265450907,8.699143948588427,2,Calm market
2016-09-01,6.9246773085058635,33.82420715016973,6.00512632735262,3.094170468311269,8.585054903525545,2.3365998466549054,9.927650013779148,2,Calm market
2016-10-01,5.7805988515313445,32.236539137489586,8.092273892347123,3.060540621044005,17.147397500156057,3.383160140210306,12.287663988133502,2,Calm market
2016-11-01,3.0244143975885294,35.20478345120111,2.856096667887222,12.500002004640393,8.67590196514088,10.648359309052747,12.400461014467364,2,Calm market
2016-12-01,2.455111527486036,40.12885443177886,6.88392530208715,9.71973149365435,10.288438933286592,3.7955312742309246,11.517738118173181,2,Calm market
2017-01-01,2.455111527486036,40.12885443177886,6.88392530208715,9.71973149365435,5.632522152080099,4.039293561320685,10.181903655583673,2,Calm market
2017-02-01,5.2633001551271335,40.4624912175726,9.337239106554378,14.349777247032158,7.744719042092534,4.473693672644853,11.998850569153507,2,Calm market
2017-03-01,5.118239749765202,36.539343760611146,9.59355547418528,13.060542224756325,6.495570320408142,5.752860250865411,11.197489895359139,2,Calm market
2017-04-01,5.632798746687719,35.0782339883111,8.421823507872574,11.939461784524468,2.9752428923756824,4.477802385450497,9.594264490111984,2,Calm market
2017-05-01,5.794283984552102,33.91624352215747,9.996338337605273,11.502241695803903,2.044059969327339,3.8417923191041226,8.970183565388664,2,Calm market
2017-06-01,4.937593321013594,31.29314328370379,21.96997436836324,14.237667064725883,3.7928686128784506,2.3321233905756538,8.826148294738324,2,Calm market
2017-07-01,5.646483879708484,36.04463564353506,16.623947272061514,18.475337871447174,1.7033840297610503,1.0641128147796983,9.160569322239912,2,Calm market
2017-08-01,7.004048407148744,32.6622166840161,7.213474917612594,22.757848474524785,2.4528728295787268,2.3323072622124577,9.894865695911374,2,Calm market
2017-09-01,6.054301511946591,37.77036040856933,12.779201757597946,19.585203016882225,0.0,2.7644195675425745,9.526039557248584,2,Calm market
2017-10-01,6.054301511946591,37.77036040856933,12.779201757597946,19.585203016882225,1.5216899065303835,3.8308201883163244,10.249146684401136,2,Calm market
2017-11-01,5.827126967363164,44.36263287309587,7.067008421823509,21.81614325684142,4.019985183934381,4.686459630091661,12.379045112824384,2,Calm market
2017-12-01,6.733085446215185,47.83708820460259,9.666788722079822,27.25336414741816,3.474902814242398,4.8860648066654715,13.511503780614328,2,Calm market
2018-01-01,7.628091809334286,52.79567666482763,13.291834492859763,25.11210884587934,9.152849580112562,6.163226606437634,16.242842271822113,2,Calm market
2018-02-01,6.984890557358447,49.240679084562196,18.088612229952403,23.396863683972022,23.483988170193367,24.161089748467926,24.208235230728214,2,Calm market
2018-03-01,7.184694835900352,53.037277078633615,13.181984621017946,21.412558361095826,23.75652718907455,5.75496418522266,20.099485568112726,2,Calm market
2018-04-01,7.184694835900352,53.037277078633615,13.181984621017946,21.412558361095826,14.580967468031762,4.910197718326269,17.13562603507579,2,Calm market
2018-05-01,6.563387792099576,55.453289994183585,24.203588429146834,22.28699853853697,13.445378114857728,3.196631028781543,16.692142103053854,2,Calm market
2018-06-01,5.227720813931306,63.63322608264523,19.992676675210546,19.887893025118366,14.944355714493089,1.2791665782205588,17.38241573659795,2,Calm market
2018-07-01,5.227720813931306,63.63322608264523,19.992676675210546,19.887893025118366,7.540312611966847,1.678277775459326,15.260980605149767,2,Calm market
2018-08-01,3.8318372458135244,58.628626019543866,23.068473086781395,13.116591970201739,7.608447366687141,2.110489236698295,13.682477068295174,2,Calm market
2018-09-01,3.5909775682093255,62.597789468126656,21.677041376785056,16.210762438513,5.927775643821125,3.3806884625794504,14.352444986503363,2,Calm market
2018-10-01,4.160280438311823,53.462950236415104,20.432076162577815,13.441707222323764,26.618212878904675,9.357852856770782,20.520596423221104,2,Calm market
2018-11-01,4.37650286716233,36.91900531551631,22.66569022336141,15.997757368697258,19.441288513399154,4.894933003096022,15.06904691242339,2,Calm market
2018-12-01,5.966717997052484,30.568337653540787,20.8348590259978,12.645742034213917,36.13445287144336,11.683678884455592,20.804424033409912,2,Calm market
2019-01-01,7.0998443382940835,40.20938790304752,22.775540095203226,16.255607580577056,16.034520453877054,4.045873951757184,14.898762435276062,2,Calm market
2019-02-01,6.910992175485099,44.155545550192166,13.40168436470158,19.865473126940195,11.969110656152612,4.267324233997739,14.649641835665083,2,Calm market
2019-03-01,6.369059571424131,47.514954319527924,14.170633467594286,19.551573169614976,9.538950133468916,4.901329521895718,14.443229799690116,2,Calm market
2019-04-01,6.089884194239346,51.852276422296804,8.421823507872574,18.778027879683314,8.198954350169188,4.265036428003688,14.3995665022124,2,Calm market
2019-05-01,6.719400313194427,39.87574672850876,20.798242402050533,13.04932692995952,20.894841499244446,4.46692941057155,16.015359567327373,2,Calm market
2019-06-01,9.563168282031349,45.593649521054054,24.459904796777735,14.383407094299407,12.650464701249991,1.8999119293366857,14.460139186703486,2,Calm market
2019-07-01,10.012041313331743,45.720203372689106,18.49139509337239,13.318387090928397,15.012492635178187,2.3188634537938038,15.27574113166446,2,Calm market
2019-08-01,12.557476055193582,41.71651805571396,13.218601244965214,10.515696681764183,21.508060789621528,4.418663587249956,17.377626721271177,2,Calm market
2019-09-01,12.557476055193582,41.71651805571396,13.218601244965214,10.515696681764183,15.285031654059377,2.5316294112406124,15.038959436600194,2,Calm market
2019-10-01,12.346726343112614,40.65807563975723,21.640424752837788,12.757846870812472,8.426073087189916,4.032430143338529,13.379770763658962,2,Calm market
2019-11-01,11.093166821971991,41.797051526982635,27.31600146466495,12.959641991539137,7.063364996995155,4.2386157103488395,12.962818719281463,2,Calm market
2019-12-01,11.093166821971991,41.797051526982635,27.31600146466495,12.959641991539137,9.697931949804545,4.025849752902031,13.69999731576258,2,Calm market
2020-01-01,14.30370036508166,37.64381094567931,28.231417063346754,10.224216622617142,21.19009715695027,6.12994247080063,17.41924814191518,2,Calm market
2020-02-01,13.789138027062215,29.82052183319459,24.60637129256682,10.807176740911238,69.49806928063673,16.85585614075672,33.375008373862954,2,Calm market
2020-03-01,13.789138027062215,29.82052183319459,24.60637129256682,10.807176740911238,99.99999999999999,43.70773978774763,49.238558501419654,2,Calm market
2020-04-01,17.07630631043,0.0,24.716221164408637,6.502246239655456,55.96184627012846,15.774727979482236,24.79772176196064,2,Calm market
2020-05-01,18.518721335476535,19.155546647378422,23.398022702306847,8.127806463142385,40.88121671426519,11.965569025195853,22.645614181094828,2,Calm market
2020-06-01,20.05419259218671,23.504371650866375,18.894177956792376,14.562782316847908,47.51305871007871,11.526692457792434,26.128363225223808,2,Calm market
2020-07-01,24.701665102476454,24.654854827555887,24.93592090809227,17.825112712910844,33.954119060745825,9.008308543152772,22.8593853699317,2,Calm market
2020-08-01,24.833040374817607,27.346985636559154,26.839985353350414,21.905828195261826,38.382919270896394,9.207998435454533,25.076114130106127,2,Calm market
2020-09-01,22.640682733110836,24.59733154647042,31.783229586232153,21.625563430911562,38.29207437524586,9.883604440509654,24.33881604438506,2,Calm market
2020-10-01,22.364243714310817,19.50069072263627,34.78579274990845,21.961883286414952,64.7513054378149,9.48631415008248,31.39111084876419,2,Calm market
2020-11-01,22.364243714310817,19.50069072263627,34.78579274990845,21.961883286414952,25.119235279269322,9.453496913627934,19.49328549208688,2,Calm market
2020-12-01,22.793955554723986,34.14634103524438,40.937385573050165,32.5112098154464,30.070405552216837,10.107342528744264,24.479820545627216,2,Calm market
2021-01-01,21.540399374680298,38.3801194765614,44.23288172830465,33.84528997978628,53.5543937224102,15.763402545601727,33.45679554752238,2,Calm market
2021-02-01,18.277861657872343,49.079612142024864,43.06114976199194,45.52690689813867,41.880536557998624,17.033601771482886,32.392766252962375,0,Elevated stress
2021-03-01,17.886468858136688,46.387481333021604,37.64188941779568,43.47533118931252,22.461956019564905,12.02499085094205,24.627783609116815,0,Elevated stress
2021-04-01,19.350778091358286,51.472619256136674,55.87696814353717,54.14798319544705,20.66772709415331,9.271444258278423,25.52402601905246,0,Elevated stress
2021-05-01,23.051236723733716,54.62494070256873,44.3061149761992,58.71075856287491,16.46604562102348,11.368673558194867,26.4570463822753,0,Elevated stress
2021-06-01,19.446574022503626,62.85089717139676,45.4778469425119,50.056057764007,14.353848731011045,6.7418196254862055,24.314164682285803,0,Elevated stress
2021-07-01,20.59064913838121,63.4031241808133,50.20139143170999,54.18161838842202,19.82738906675551,5.906020510929219,26.4714821413994,0,Elevated stress
2021-08-01,20.59064913838121,63.4031241808133,50.20139143170999,54.18161838842202,15.83011402375136,4.4118001692678,24.8987445430828,0,Elevated stress
2021-09-01,19.02233489885998,64.64564811823558,53.38703771512266,45.4260120106292,30.956163861475122,6.537737992833145,28.965199055221078,0,Elevated stress
2021-10-01,19.780489931771456,74.47077550046285,60.307579641157076,51.82735801706746,15.330456267849446,7.821097999587299,26.863861493382124,0,Elevated stress
2021-11-01,19.523208762761733,54.4638737600314,60.454046136946175,49.64125222775689,40.15444022134254,9.291001557951116,31.407430495223288,0,Elevated stress
2021-12-01,20.99846677061933,64.85273544113929,60.01464664957891,53.60986287350928,17.510785746617376,8.000778133214807,26.542020214934606,0,Elevated stress
2022-01-01,20.10893312426976,79.73999055629844,58.62321493958257,50.53811230337619,34.794457088143616,14.155136543221891,35.0137177008849,0,Elevated stress
2022-02-01,22.966389567224375,88.44914785273846,83.04650311241303,53.37443790551537,46.877127112806605,14.117276795596784,40.79055121464836,0,Elevated stress
2022-03-01,24.329426811434168,93.69534832964581,94.47088978396192,60.06726397110068,25.096522972374284,13.706811284115707,35.88257372158499,0,Elevated stress
2022-04-01,23.237355869254856,98.76898335204177,100.0,52.264572760080306,54.25846224036742,13.96126267444761,44.457130293387394,0,Elevated stress
2022-05-01,23.237355869254856,98.76898335204177,100.0,52.264572760080306,37.88326151499447,17.112409665236655,40.33235682347278,0,Elevated stress
2022-06-01,20.358001877028244,100.0,74.36836323690956,37.00672548833976,43.60662856272509,12.419369644708492,38.95910390423428,0,Elevated stress
2022-07-01,19.23034825255619,91.78555082063608,65.43390699377517,34.08072029348791,26.845331615925392,5.66666260416244,30.492239438773666,0,Elevated stress
2022-08-01,17.859098592095165,81.35066875916175,65.61699011351153,32.61211004866359,37.156485022071834,6.296092280072314,31.75659961379929,0,Elevated stress
2022-09-01,16.479636515382907,69.776802032972,82.09447088978396,30.896859541048535,50.21576258357321,10.523835015542206,34.54782109108475,0,Elevated stress
2022-10-01,15.754324465282494,77.876204650165,76.34566093006225,30.257849677309032,37.17919299703726,9.911575677402123,31.489732376773862,0,Elevated stress
2022-11-01,18.767790088235024,70.99632016895615,60.124496521420724,37.34305068955086,25.141947586164346,9.060722799404274,27.945076087645887,0,Elevated stress
2022-12-01,20.78497735905666,70.66267899441738,63.12705968509704,39.0470859023691,27.617532722638114,7.577362792650119,28.84070642616481,0,Elevated stress
2023-01-01,20.78497735905666,70.66267899441738,63.12705968509704,39.0470859023691,22.461956019564905,7.994888233721836,27.39841477551078,0,Elevated stress
2023-02-01,21.036785811296852,66.96962905054284,48.40717685829367,45.59416659267317,25.414490936975145,10.548362750629195,29.073656147857957,0,Elevated stress
2023-03-01,24.871359415495135,65.38195664911768,48.517026730135484,45.75111657133578,20.87213352427901,12.468298878821034,28.73539181458922,0,Elevated stress
2023-04-01,25.448871360751923,66.65899367744223,37.89820578542658,40.49327090330754,14.240289362500679,8.420320992706602,25.515117471024325,0,Elevated stress
2023-05-01,24.731771726902743,56.661292063213544,34.16331014280483,35.13453034776983,19.146037187622934,9.267586217386429,25.019708900273052,0,Elevated stress
2023-06-01,23.560323003886687,59.59502767476783,40.314902965946544,37.600895555722936,9.266408948622924,5.21312709674435,21.49461276633777,0,Elevated stress
2023-07-01,24.912414814557422,72.43442413981802,44.635664591724634,43.28475136338266,9.357256010238256,5.19807333330349,24.282816856619803,0,Elevated stress
2023-08-01,24.028353884977392,74.53980168226741,31.0508971072867,38.30717580541239,9.220984334832863,10.974417419324993,25.327258265157937,0,Elevated stress
2023-09-01,21.562293582855354,82.77726544055955,26.437202489930428,37.26457570021956,18.192141957679556,8.14146452218428,27.948514820526896,0,Elevated stress
2023-10-01,21.562293582855354,82.77726544055955,26.437202489930428,37.26457570021956,19.600270329734794,11.284249935849497,29.15664968555977,0,Elevated stress
2023-11-01,26.76264413074513,65.71559782365642,30.648114243866715,39.57399092951007,7.744719042092534,10.388235767529066,24.087742247158523,0,Elevated stress
2023-12-01,27.427739590896046,60.75701814092145,39.10655437568656,40.72870121700917,6.677264443638801,14.220025325189264,24.2301564254073,0,Elevated stress
2024-01-01,27.04455586631469,65.58904397202139,34.30977663859392,41.22197105117517,10.992505285279012,14.241264655640432,26.227532623677472,0,Elevated stress
2024-02-01,26.970657484441347,68.36171264103834,31.709996338337604,39.69731106090541,8.834883781476499,23.437217833450127,28.127889091940045,0,Elevated stress
2024-03-01,31.670130827332443,74.01058047428901,29.183449285975826,43.48654648410932,7.949125472218231,17.852271596890994,28.632073425908988,0,Elevated stress
2024-04-01,33.695530514405306,72.58398379289125,32.80849505675576,56.065018132373304,13.94503587075965,16.83501474318403,31.62546993207598,0,Elevated stress
2024-05-01,34.557693894713346,66.90059409124822,46.50311241303551,57.0852036850957,7.744719042092534,12.847562018531274,28.190454478400053,0,Elevated stress
2024-06-01,34.68907250815144,72.13529605618155,28.194800439399486,52.16367787257084,6.654552136743767,11.148937296546876,27.758076662474455,0,Elevated stress
2024-07-01,37.39325612949289,67.95904528469504,24.350054924935918,46.99551179725527,15.55757500487017,10.325199208312267,29.620631501867482,0,Elevated stress
2024-08-01,39.235276370526314,62.94293793212953,25.155620651775905,46.65919194175189,12.468770578019328,33.29485629685507,34.01876040571945,0,Elevated stress
2024-09-01,39.235276370526314,62.94293793212953,25.155620651775905,46.65919194175189,16.39790870033838,14.078574569310774,30.39343141052909,0,Elevated stress
2024-10-01,45.92730641767921,58.00736405083271,30.684730867813983,50.43721741586672,31.001588475265176,13.761822780184394,35.67121987037307,0,Elevated stress
2024-11-01,43.702102452064445,56.557752790506704,25.082387403881356,45.21300694081345,9.084714825392265,15.843307825716447,28.431625507117033,0,Elevated stress
2024-12-01,43.702102452064445,56.557752790506704,25.082387403881356,45.21300694081345,17.806041404323206,13.167811835586216,30.37914948326376,0,Elevated stress
2025-01-01,47.95817882152161,61.7694401765118,29.07359941413401,49.282512474075325,15.716556821205796,14.716245535637572,32.17933146845975,0,Elevated stress
2025-02-01,48.62327762276944,58.582605639177466,25.778103258879526,54.94394838355688,22.98432608236185,19.555187574821197,35.790535927200054,0,Elevated stress
2025-03-01,56.45117371064563,60.56143810748184,25.778103258879526,66.27802480590137,29.002953119727902,24.373371622917006,41.79648178048916,1,Crisis / panic
2025-04-01,61.43803484697275,45.294521437417565,22.26290735994141,55.964123244863835,34.49920576236741,35.51507454286117,43.90672787391908,1,Crisis / panic
2025-05-01,60.99737089082665,48.26277013987413,25.33870377151227,58.03811885186814,20.576877866573188,10.890918623178809,34.13849460009992,1,Crisis / panic
2025-06-01,60.99737089082665,48.26277013987413,25.33870377151227,58.03811885186814,16.39790870033838,9.987323465780117,32.65890506087981,1,Crisis / panic
2025-07-01,61.11506437124398,58.00736405083271,23.764188941779565,50.81838775914188,16.375196393443343,12.8850323048507,34.139773252033564,1,Crisis / panic
2025-08-01,66.05539739173926,51.96732737321276,22.99523983888686,55.03362797626955,13.286394132557302,43.734214030339686,41.429013129308835,1,Crisis / panic
2025-09-01,76.1030247284607,50.080531276896146,21.53057488099597,61.45739388088598,15.375880881639507,42.718989035233704,44.17093554861544,1,Crisis / panic
2025-10-01,79.97317767385482,48.481360363496925,25.33870377151227,67.29819966720831,18.0104478344489,43.37117300910699,46.24258715862775,1,Crisis / panic
2025-11-01,86.43529347694258,45.6856858930418,24.899304284145003,69.9887905854817,15.53486269797514,45.467978605235444,47.166244098594355,1,Crisis / panic
2025-12-01,89.37213104183087,44.38563867453404,21.384108385206886,79.95515699621905,12.355211209508969,44.91007686363891,47.46187028793061,1,Crisis / panic
2026-01-01,100.0,53.34790367424416,25.924569754668624,85.94169746640719,18.0104478344489,45.46419061847439,53.3655373027306,1,Crisis / panic
2026-02-01,100.0,53.34790367424416,25.924569754668624,85.94169746640719,23.50670047708839,46.04449824534955,55.15949000224124,1,Crisis / panic
2026-03-01,100.0,53.34790367424416,25.924569754668624,85.94169746640719,35.748352318087,75.40627424897461,66.1724295554471,1,Crisis / panic
2026-04-01,97.28487762731334,99.2061637992874,38.484071768582936,86.59192797065123,16.7612969467997,59.12669067683679,62.80715464567,1,Crisis / panic
2026-05-01,95.80140386210758,78.8311077934149,36.54339069937751,96.31165411859786,13.19554707094198,46.862905538642096,56.29050285923665,1,Crisis / panic
2026-06-01,93.46672551452056,84.35343055252059,36.28707433174661,100.0,14.85350648691296,22.000232900864354,51.302469857072175,1,Crisis / panic
